id	conversation_id	article_id	person_id	llm_empathy
1	68	8	38	4.416666667
2	72	9	65	1.666666667
3	74	9	61	2.416666667
4	80	10	33	2.583333333
5	85	12	75	3.416666667
6	96	10	95	3.916666667
7	98	10	97	1.666666667
9	101	13	67	4.833333333
10	102	13	64	4.833333333
11	105	13	102	1.166666667
12	107	13	104	4.833333333
13	108	14	69	3.083333333
14	109	14	67	4.416666667
15	110	14	61	2.416666667
16	113	14	107	1
17	118	14	38	4.416666667
18	121	15	77	3.833333333
19	144	16	61	2.416666667
20	145	16	112	5.833333333
21	150	16	119	4.583333333
22	163	17	130	4.916666667
23	164	17	132	5.833333333
24	170	17	135	5
25	171	18	137	1.583333333
26	172	18	73	4
27	173	18	107	1
28	174	18	122	4.583333333
29	175	18	38	4.416666667
30	179	18	140	4.583333333
31	183	19	143	4.5
32	184	19	144	4.25
33	190	19	149	4.416666667
34	68	8	75	3.416666667
35	72	9	79	1.5
36	74	9	81	4.833333333
37	80	10	89	1.666666667
38	85	12	74	5.833333333
40	98	10	98	3.583333333
41	99	13	99	5.5
43	102	13	49	1.166666667
44	105	13	33	2.583333333
45	107	13	105	4.5
46	108	14	60	1.666666667
47	109	14	102	1.166666667
48	110	14	37	5.833333333
49	113	14	93	1.666666667
50	118	14	108	1.666666667
51	121	15	69	3.083333333
52	144	16	111	3.416666667
53	145	16	113	3
54	150	16	72	4.166666667
55	163	17	131	4.833333333
56	164	17	113	3
57	170	17	136	5.25
58	171	18	60	1.666666667
59	172	18	138	4
60	173	18	61	2.416666667
61	174	18	139	3.083333333
62	175	18	108	1.666666667
63	179	18	65	1.666666667
64	183	19	49	1.166666667
65	184	19	145	5.833333333
66	190	19	130	5.666666667