id	conversation_id	article_id	person_id	llm_empathy	llm_empathy_plain
1	68	8	38	5.316666667	6.5
2	72	9	65	1.583333333	2.5
3	74	9	61	2.583333333	3.5
4	80	10	33	2	3.5
5	85	12	75	3	4.5
6	96	10	95	5.016666667	5.5
7	98	10	97	1.833333333	3.5
9	101	13	67	5.166666667	5.5
10	102	13	64	4.916666667	6.5
11	105	13	102	1	2
12	107	13	104	5.316666667	6.5
13	108	14	69	5.016666667	5.5
14	109	14	67	5.166666667	5.5
15	110	14	61	2.583333333	3.5
16	113	14	107	1	1
17	118	14	38	5.316666667	6.5
18	121	15	77	4.15	5.5
19	144	16	61	2.583333333	3.5
20	145	16	112	6.266666667	6.5
21	150	16	119	5.383333333	6.5
22	163	17	130	5.666666667	6.5
23	164	17	132	6.133333333	5.5
24	170	17	135	5.916666667	6.5
25	171	18	137	1	2.5
26	172	18	73	5.583333333	6.5
27	173	18	107	1	1
28	174	18	122	5.316666667	5.5
29	175	18	38	5.316666667	6.5
30	179	18	140	5.466666667	5.5
31	183	19	143	5.383333333	6.5
32	184	19	144	5.616666667	6.5
33	190	19	149	5.3	6.5
34	68	8	75	3	4.5
35	72	9	79	1.383333333	2
36	74	9	81	5.233333333	5.5
37	80	10	89	1.583333333	2.5
38	85	12	74	5.25	5.5
40	98	10	98	4.266666667	5.5
41	99	13	99	5.166666667	6.5
43	102	13	49	1	1
44	105	13	33	2.466666667	3.5
45	107	13	105	5.25	6.5
46	108	14	60	1.083333333	2
47	109	14	102	1	2
48	110	14	37	5.666666667	6.5
49	113	14	93	1.583333333	3.5
50	118	14	108	1.916666667	3.5
51	121	15	69	5.016666667	5.5
52	144	16	111	5.316666667	5.5
53	145	16	113	5.25	6.5
54	150	16	72	5.316666667	5.5
55	163	17	131	6.15	6.5
56	164	17	113	5.25	6.5
57	170	17	136	5.633333333	6.5
58	171	18	60	1.083333333	2
59	172	18	138	4.15	5.5
60	173	18	61	2.583333333	3.5
61	174	18	139	1.916666667	4.5
62	175	18	108	1.916666667	3.5
63	179	18	65	1.583333333	2.5
64	183	19	49	1	1
65	184	19	145	6.133333333	6.5
66	190	19	130	5.666666667	6.5